flight_number,departure_city,arrival_city,flight_date,flight_time,flight_company,ticket_price,duration_minutes
37XBV,Bari,Barcelona,22/06/24,12:36 PM,Kaymboair,178.37,134
94RGG,Bari,Barcelona,16/06/24,9:42 PM,Tekflyair,313.88,240
22Y99,Bari,Barcelona,13/06/24,11:45 PM,Vitzair,840.94,75
23B73,Bari,Barcelona,20/06/24,12:47 AM,Meevee,837.02,569
23GS5,Bari,Barcelona,13/06/24,2:48 PM,Fliptuneair,659.12,151
24FC6,Bari,Barcelona,17/06/24,2:42 PM,Agivuair,920.16,457
24GEF,Bari,Barcelona,22/06/24,11:18 PM,Blognation,91.7,265
25YRY,Bari,Barcelona,22/06/24,8:06 AM,Browsedrive,183.79,331
26NVN,Bari,Barcelona,29/06/24,2:12 AM,Bubbletube,582.06,267
2A8QT,Bari,Barcelona,07/06/24,2:26 PM,Twitternation,174.64,452
2BVXG,Bari,Barcelona,18/06/24,11:47 AM,Devcast,846.62,75
2DXY8,Bari,Barcelona,07/06/24,3:42 AM,Devpoint,401.81,122
2GAWD,Bari,Barcelona,15/06/24,8:19 PM,Skibaair,992.92,133
2GB34,Bari,Barcelona,12/06/24,7:45 PM,Rhylooair,715.91,309
2GCAZ,Bari,Barcelona,14/06/24,11:28 PM,Jaxworks,577.93,190
2MVKR,Bari,Barcelona,11/06/24,12:32 PM,Mudoair,387.89,444
2NADG,Bari,Barcelona,09/06/24,2:11 PM,Topicblab,115.96,551
2NGNK,Bari,Barcelona,19/06/24,7:25 AM,Yakitriair,943.22,417
2NLWD,Bari,Barcelona,08/06/24,3:45 AM,Jaxnation,508.98,474
2P9X9,Bari,Barcelona,19/06/24,7:01 AM,Fliptune,272.4,162
2Q3PY,Bari,Barcelona,12/06/24,7:51 PM,Twiyoair,580.28,72
2QV2V,Bari,Barcelona,29/06/24,1:14 AM,Fivebridge,892.37,363
2TQJ9,Bari,Barcelona,27/06/24,7:49 PM,Oodooair,29.19,35
2TQUF,Bari,Barcelona,15/06/24,6:12 AM,Vipeair,976.94,455
2TRM4,Bari,Barcelona,25/06/24,12:40 AM,Kaymbo,667.01,585
2U2YJ,Bari,Barcelona,15/06/24,9:53 AM,Twitterbridge,628.76,81
2X2XA,Bari,Barcelona,18/06/24,2:52 AM,Flipopia,460.28,401
2X9GE,Bari,Barcelona,04/06/24,12:25 AM,Eireair,491.13,373
2Z5N8,Barcelona,Paris,14/06/24,9:50 AM,Buzzdog,405.97,248
2ZG32,Barcelona,Paris,28/06/24,12:43 PM,Yaboxair,893.71,192
2ZZN4,Barcelona,Paris,05/06/24,8:31 AM,Tagfeed,343.53,96
32ABQ,Barcelona,Paris,08/06/24,8:38 PM,Zoomcast,726.98,493
32QNJ,Barcelona,Paris,09/06/24,5:58 PM,Shufflebeat,882.26,453
33U49,Barcelona,Paris,13/06/24,4:08 AM,Bubblebox,566.4,457
35EAT,Barcelona,Paris,22/06/24,1:12 PM,Blogpad,408.66,198
35WME,Barcelona,Paris,06/06/24,10:04 PM,Plajoair,784.03,407
36SW2,Barcelona,Paris,08/06/24,3:22 PM,Zoonder,793.34,275
37GEM,Barcelona,Paris,08/06/24,1:03 AM,Podcat,546.03,255
37TN2,Barcelona,Paris,19/06/24,12:02 AM,Devpoint,544.52,152
3BLSC,Barcelona,Paris,04/06/24,4:09 AM,Zooveo,268.43,216
3DRUY,Barcelona,Paris,13/06/24,3:42 PM,Myworks,341.09,134
3GXYA,Barcelona,Paris,01/06/24,5:19 PM,Centimia,333.66,240
3JTJC,Barcelona,Paris,23/06/24,9:20 AM,Kaymboair,893.84,75
3K5JB,Barcelona,Paris,19/06/24,6:20 PM,Tekflyair,767.21,569
3KWLX,Barcelona,Paris,11/06/24,3:54 AM,Vitzair,472.97,151
3LV6E,Barcelona,Paris,14/06/24,3:26 PM,Meevee,487.2,457
3N6T9,Barcelona,Paris,07/06/24,12:00 PM,Fliptuneair,983.22,265
3PVDJ,Barcelona,London,22/06/24,2:03 AM,Agivuair,110.17,331
3R2U2,Barcelona,London,13/06/24,11:41 AM,Blognation,229.13,267
3RYQN,Barcelona,London,21/06/24,8:04 PM,Browsedrive,548.42,452
3S9GF,Barcelona,London,03/06/24,2:49 AM,Bubbletube,116.68,75
3TN3S,Barcelona,London,23/06/24,1:58 PM,Twitternation,397.64,122
3V2U8,Barcelona,London,20/06/24,4:01 PM,Devcast,419.23,133
3VCZY,Barcelona,London,13/06/24,8:18 PM,Devpoint,266.05,309
3VR46,Barcelona,London,19/06/24,8:08 PM,Skibaair,864.46,190
3XUSE,Barcelona,London,04/06/24,8:45 AM,Rhylooair,207.96,444
3ZZWF,Barcelona,London,19/06/24,10:53 PM,Jaxworks,903.54,551
425J2,Barcelona,London,10/06/24,11:46 AM,Mudoair,310.65,417
4388R,Barcelona,London,26/06/24,7:19 PM,Topicblab,157.08,474
43KBC,Barcelona,London,25/06/24,4:25 AM,Yakitriair,289.76,162
43QT8,Barcelona,London,24/06/24,9:53 PM,Jaxnation,514.08,72
45VHA,Barcelona,London,11/06/24,7:24 PM,Fliptune,119.04,363
47DJ3,Barcelona,London,13/06/24,5:20 AM,Twiyoair,817.11,35
49HXX,Barcelona,London,14/06/24,9:59 AM,Fivebridge,836.26,455
4EGU6,Barcelona,London,19/06/24,7:55 AM,Oodooair,176.39,585
4G8VF,Barcelona,London,03/06/24,7:15 AM,Vipeair,695.77,81
4J229,Barcelona,London,23/06/24,3:08 PM,Kaymbo,163.19,401
4J5FA,Barcelona,London,03/06/24,2:25 AM,Twitterbridge,134.95,373
4J7E2,Barcelona,London,19/06/24,11:05 PM,Flipopia,618.28,248
4L9M4,Barcelona,London,11/06/24,10:22 AM,Eireair,247.74,192
4LHPA,Barcelona,London,06/06/24,10:42 AM,Buzzdog,260.82,96
4LLPA,Barcelona,London,10/06/24,9:26 PM,Yaboxair,485.28,493
4LU38,Barcelona,London,20/06/24,12:31 PM,Tagfeed,346.93,453
4M757,Barcelona,London,29/06/24,7:53 PM,Zoomcast,668.01,457
4MB75,Barcelona,London,24/06/24,4:23 AM,Shufflebeat,616.47,198
4NKVC,Barcelona,Rome,16/06/24,6:39 PM,Bubblebox,856.18,407
4NYSX,Barcelona,Rome,26/06/24,12:28 PM,Blogpad,804.68,275
4PWRS,Barcelona,Rome,12/06/24,2:26 AM,Plajoair,937.87,255
4QUAW,Barcelona,Rome,06/06/24,9:26 AM,Zoonder,533.14,152
4RAYN,Barcelona,Rome,07/06/24,6:40 PM,Podcat,579.99,216
4SNGW,Barcelona,Rome,07/06/24,5:35 PM,Devpoint,901.63,134
4SQM5,Barcelona,Rome,19/06/24,9:11 PM,Zooveo,891.04,240
4T25P,Barcelona,Rome,13/06/24,9:26 PM,Myworks,373.1,75
4TS54,Barcelona,Rome,11/06/24,2:37 PM,Centimia,590.86,569
4U84E,Barcelona,Rome,16/06/24,8:49 AM,Kaymboair,246.36,151
4VRM2,Barcelona,Rome,08/06/24,1:48 PM,Tekflyair,498.93,457
4VUDG,Barcelona,Rome,02/06/24,11:50 AM,Vitzair,664.84,265
4Y7J2,Barcelona,Rome,28/06/24,12:32 AM,Meevee,749.73,331
4Z2W8,Barcelona,Rome,11/06/24,9:20 PM,Fliptuneair,577.5,267
4ZD5X,Barcelona,Rome,12/06/24,8:44 PM,Agivuair,876.05,452
4ZH3P,Barcelona,Rome,19/06/24,3:53 PM,Blognation,558.84,75
4ZJ8N,Barcelona,Rome,22/06/24,3:39 AM,Browsedrive,468.32,122
52LW2,Barcelona,Rome,01/06/24,3:35 AM,Bubbletube,81.05,133
53QMG,Barcelona,Rome,29/06/24,7:19 AM,Twitternation,606.22,309
53SXE,Barcelona,Rome,09/06/24,8:36 PM,Devcast,695.27,190
554YU,Barcelona,Rome,09/06/24,2:35 PM,Devpoint,181.51,444
5573P,Barcelona,Rome,21/06/24,9:47 AM,Skibaair,501.31,551
55SAF,Barcelona,Rome,27/06/24,1:11 PM,Rhylooair,718.03,417
56MAK,Barcelona,Valencia,03/06/24,5:59 AM,Jaxworks,374.74,474
5863G,Barcelona,Valencia,10/06/24,5:22 PM,Mudoair,729.82,162
593YL,Barcelona,Valencia,17/06/24,3:01 AM,Topicblab,439.92,72
599FU,Barcelona,Valencia,29/06/24,10:38 AM,Yakitriair,823.17,363
5D7LL,Barcelona,Valencia,17/06/24,3:54 AM,Jaxnation,231.18,35
5E6P9,Barcelona,Valencia,28/06/24,10:53 AM,Fliptune,307.51,455
5GB5N,Barcelona,Valencia,17/06/24,8:46 AM,Twiyoair,895.76,585
5JPU7,Barcelona,Valencia,26/06/24,4:26 PM,Fivebridge,370.6,81
5KJTD,Barcelona,Valencia,21/06/24,2:55 AM,Oodooair,32.49,401
5N9ZC,Barcelona,Valencia,04/06/24,7:57 AM,Vipeair,884.14,373
5NJCJ,Barcelona,Valencia,03/06/24,4:56 PM,Kaymbo,395.29,248
5NZZX,Barcelona,Valencia,06/06/24,12:07 PM,Twitterbridge,489.48,192
5P2U5,Barcelona,Valencia,29/06/24,10:06 PM,Flipopia,376.73,96
5P6BF,Barcelona,Valencia,21/06/24,2:59 AM,Eireair,921.93,493
5R28N,Barcelona,Valencia,21/06/24,10:37 PM,Buzzdog,835.56,453
5RFH7,Barcelona,Valencia,25/06/24,12:37 AM,Yaboxair,82.97,457
5SHLR,Barcelona,Valencia,27/06/24,3:12 PM,Tagfeed,823.27,198
5U8PB,Barcelona,Valencia,26/06/24,6:53 PM,Zoomcast,530.05,407
5UWC8,Barcelona,Valencia,16/06/24,9:26 AM,Shufflebeat,113.95,275
5UXFR,Barcelona,Valencia,28/06/24,11:01 PM,Bubblebox,773.17,255
5VWH7,Barcelona,Valencia,05/06/24,6:33 AM,Blogpad,834.87,152
5WD3R,Barcelona,Valencia,24/06/24,2:08 AM,Plajoair,554.41,216
5WF7K,Barcelona,Valencia,16/06/24,4:11 PM,Zoonder,123.2,134
5XJT8,Barcelona,Valencia,22/06/24,6:55 PM,Podcat,82.6,240
5Y96T,Barcelona,Valencia,12/06/24,11:55 PM,Devpoint,672.56,75
5ZHCF,Barcelona,Valencia,27/06/24,9:24 AM,Zooveo,599.09,569
62YVM,Barcelona,Valencia,12/06/24,6:36 PM,Myworks,411.4,151
63V29,Barcelona,Valencia,22/06/24,6:49 AM,Centimia,783.7,457
64E4W,Barcelona,Valencia,16/06/24,10:01 PM,Kaymboair,343.42,265
65FRY,Barcelona,Valencia,06/06/24,7:08 PM,Tekflyair,221.18,331
65HQS,Barcelona,Valencia,08/06/24,5:47 PM,Vitzair,303.97,267
69TDJ,Barcelona,Valencia,28/06/24,5:19 AM,Meevee,913.01,452
6BW3Z,Barcelona,Valencia,20/06/24,10:46 PM,Fliptuneair,467.01,75
6CPJ4,Barcelona,Valencia,25/06/24,4:20 PM,Agivuair,651.88,122
6D3CF,Barcelona,Valencia,16/06/24,9:39 PM,Blognation,888.19,133
6D7J2,Barcelona,Valencia,20/06/24,9:49 PM,Browsedrive,453.06,309
6D8RM,Barcelona,Valencia,22/06/24,4:24 PM,Bubbletube,99.66,190
6DC8M,Barcelona,Valencia,20/06/24,4:44 PM,Twitternation,654.77,444
6FGPQ,Barcelona,Lanzarote,20/06/24,8:51 AM,Devcast,226.18,551
6H98V,Barcelona,Lanzarote,29/06/24,6:21 AM,Devpoint,890.04,417
6HX3Z,Barcelona,Lanzarote,27/06/24,8:48 PM,Skibaair,881.01,474
6MJ8P,Barcelona,Lanzarote,12/06/24,9:20 AM,Rhylooair,267.5,162
6MTTM,Barcelona,Lanzarote,25/06/24,7:07 PM,Jaxworks,725.9,72
6MU44,Barcelona,Lanzarote,05/06/24,9:59 PM,Mudoair,149.9,363
6NBRC,Barcelona,Lanzarote,07/06/24,11:58 PM,Topicblab,304.55,35
6NL7H,Barcelona,Lanzarote,18/06/24,10:32 AM,Yakitriair,967.93,455
6NLJP,Barcelona,Lanzarote,19/06/24,11:13 PM,Jaxnation,981.58,585
6NSCF,Barcelona,Lanzarote,14/06/24,3:28 PM,Fliptune,96.52,81
6PJ24,Barcelona,Lanzarote,27/06/24,6:06 AM,Twiyoair,244.22,401
6PS6Q,Barcelona,Lanzarote,27/06/24,4:44 AM,Fivebridge,329.93,373
6RYVK,Barcelona,Lanzarote,13/06/24,2:17 AM,Oodooair,271.69,248
6SW3P,Barcelona,Lanzarote,18/06/24,7:27 PM,Vipeair,902.66,192
6SZDT,Barcelona,Lanzarote,12/06/24,9:09 AM,Kaymbo,797.58,96
6T9DM,Barcelona,Lanzarote,18/06/24,5:40 PM,Twitterbridge,42.4,493
6UNVK,Barcelona,Lanzarote,23/06/24,7:59 AM,Flipopia,421.51,453
6VYCU,Barcelona,Lanzarote,24/06/24,1:26 PM,Eireair,193.18,457
6XRG3,Barcelona,Lanzarote,20/06/24,6:17 PM,Buzzdog,230.93,198
6YL8M,Barcelona,Lanzarote,16/06/24,1:29 PM,Yaboxair,164.64,407
6Z3D4,Barcelona,Lanzarote,26/06/24,10:07 PM,Tagfeed,729.9,275
6ZVJN,Barcelona,Lanzarote,28/06/24,2:33 PM,Zoomcast,320.85,255
6ZYGN,Barcelona,Lanzarote,22/06/24,7:40 PM,Shufflebeat,525.69,152
72KXK,Paris,Barcelona,07/06/24,4:57 PM,Bubblebox,721.93,216
748MC,Paris,Barcelona,01/06/24,10:50 PM,Blogpad,174.15,134
74FMP,Paris,Barcelona,19/06/24,6:24 PM,Plajoair,874.79,240
75WHY,Paris,Barcelona,13/06/24,9:39 AM,Zoonder,628.45,75
7AALR,Paris,Barcelona,07/06/24,2:55 PM,Podcat,101.86,569
7AZG6,Paris,Barcelona,04/06/24,8:26 AM,Devpoint,690.56,151
7B3PP,Paris,Barcelona,03/06/24,11:26 AM,Zooveo,597.65,457
7B7EJ,Paris,Barcelona,14/06/24,1:47 AM,Myworks,907.1,265
7CDMV,Paris,Barcelona,06/06/24,12:24 PM,Centimia,696.32,331
7D77B,Paris,Barcelona,24/06/24,4:24 PM,Kaymboair,257.74,267
7ESLB,Paris,Barcelona,16/06/24,11:32 PM,Tekflyair,600.53,452
7H69J,Paris,Barcelona,11/06/24,6:51 AM,Vitzair,326.97,75
7HDVT,Paris,Barcelona,17/06/24,6:11 PM,Meevee,388.72,122
7HS4W,Paris,Barcelona,12/06/24,8:59 PM,Fliptuneair,194.58,133
7K5R5,Paris,Barcelona,23/06/24,12:23 PM,Agivuair,185.33,309
7L52R,Paris,Barcelona,02/06/24,6:52 AM,Blognation,418.54,190
7LSP5,Paris,Barcelona,29/06/24,3:40 AM,Browsedrive,114.18,444
7P77D,Paris,Barcelona,01/06/24,3:42 PM,Bubbletube,262.53,551
7PVHB,Paris,Barcelona,07/06/24,4:05 AM,Twitternation,796.38,417
7RL9Y,Paris,Barcelona,13/06/24,9:34 PM,Devcast,49.37,474
7UBW9,Paris,Barcelona,25/06/24,10:09 PM,Devpoint,583.57,162
7VCFN,Paris,Barcelona,27/06/24,5:58 AM,Skibaair,930.15,72
7VJ7H,Paris,Barcelona,15/06/24,9:34 AM,Rhylooair,376.75,363
7XM6T,Paris,Barcelona,13/06/24,12:04 AM,Jaxworks,339.67,35
7ZAZ4,Paris,Barcelona,29/06/24,12:42 PM,Mudoair,844.62,455
8247Z,Paris,Barcelona,28/06/24,9:44 PM,Topicblab,537.15,585
834JT,Paris,Barcelona,10/06/24,6:13 AM,Yakitriair,509.51,81
83VGU,Paris,Barcelona,06/06/24,4:47 AM,Jaxnation,772.16,401
84M9N,Bari,Paris,21/06/24,1:26 PM,Fliptune,613.17,373
85E6T,Bari,Paris,15/06/24,5:17 AM,Twiyoair,283.76,248
86NA3,Bari,Paris,09/06/24,8:30 PM,Fivebridge,858.96,192
8AJZK,Bari,Paris,10/06/24,9:51 AM,Oodooair,214.24,96
8C4XU,Bari,Paris,12/06/24,5:34 AM,Vipeair,482.61,493
8CJCC,Bari,Paris,06/06/24,8:03 AM,Kaymbo,238.15,453
8DAJ4,Bari,Paris,14/06/24,1:32 PM,Twitterbridge,719.21,457
8ET6A,Bari,Paris,27/06/24,2:54 AM,Flipopia,492.7,198
8GVAK,Bari,Paris,21/06/24,11:56 PM,Eireair,707.62,407
8KJD7,Bari,Paris,28/06/24,9:39 AM,Buzzdog,562.8,275
8KRSB,Bari,Paris,27/06/24,9:14 PM,Yaboxair,830.83,255
8NZEQ,Bari,Paris,12/06/24,5:42 PM,Tagfeed,152.28,152
8QL3G,Bari,Paris,25/06/24,4:07 PM,Zoomcast,551.08,216
8RM7L,Bari,Paris,13/06/24,5:00 PM,Shufflebeat,691.72,134
8SRZB,Bari,Paris,25/06/24,6:38 PM,Bubblebox,143.91,240
8TRQA,Bari,Paris,09/06/24,10:05 PM,Blogpad,458.13,75
8UFLM,Bari,Paris,10/06/24,3:37 PM,Plajoair,489.11,569
8UJGR,Bari,Paris,06/06/24,2:08 PM,Zoonder,463.28,151
8WDNW,Bari,Paris,21/06/24,9:54 AM,Podcat,798.47,457
8XYST,Paris,London,10/06/24,4:26 PM,Devpoint,464.04,265
92AKR,Paris,London,10/06/24,4:03 AM,Zooveo,722.38,331
92WXF,Paris,London,11/06/24,7:41 PM,Myworks,653.97,267
949N9,Paris,London,18/06/24,4:21 PM,Centimia,733.78,452
96Q85,Paris,London,18/06/24,4:18 AM,Kaymboair,834.78,75
98BF6,Paris,London,05/06/24,4:27 PM,Tekflyair,165.18,122
98BWV,Paris,London,20/06/24,1:54 AM,Vitzair,688.15,133
9A23F,Paris,London,04/06/24,4:11 AM,Meevee,125.59,309
9A938,Paris,London,17/06/24,9:07 AM,Fliptuneair,112.02,190
9AK3L,Paris,London,05/06/24,8:07 PM,Agivuair,95.5,444
9ARFX,Paris,London,07/06/24,2:18 AM,Blognation,134.85,551
9B9PL,Paris,London,28/06/24,2:55 AM,Browsedrive,879.34,417
9DT97,Paris,London,14/06/24,12:15 PM,Bubbletube,762.58,474
9ERJ5,Paris,London,20/06/24,8:11 PM,Twitternation,712.84,162
9ESE4,Paris,London,10/06/24,6:48 PM,Devcast,748.86,72
9EZZ2,Paris,London,11/06/24,12:02 AM,Devpoint,698.24,363
9GV22,Paris,London,04/06/24,1:48 PM,Skibaair,41.96,35
9HVWR,Paris,London,28/06/24,5:51 PM,Rhylooair,529.25,455
9HYY2,Paris,London,17/06/24,11:53 AM,Jaxworks,292.8,585
9KY2A,Paris,London,01/06/24,3:21 PM,Mudoair,95.33,81
9LAMV,Paris,London,08/06/24,10:26 AM,Topicblab,40.29,401
9LAQ2,Paris,London,25/06/24,5:45 PM,Yakitriair,672.15,373
9NF4Z,Paris,London,07/06/24,12:47 PM,Jaxnation,403.39,248
9P2Z7,Paris,London,21/06/24,1:06 PM,Fliptune,237.48,192
9P4JM,Paris,London,17/06/24,7:35 AM,Twiyoair,734.3,96
9P589,Paris,London,15/06/24,9:07 PM,Fivebridge,531.12,493
9PRZJ,Paris,London,09/06/24,1:21 AM,Oodooair,462.66,453
9QXEP,Paris,London,18/06/24,7:19 PM,Vipeair,228.43,457
9S9CL,Paris,Rome,18/06/24,11:14 PM,Kaymbo,822.17,198
9SFZN,Paris,Rome,10/06/24,10:15 AM,Twitterbridge,238.72,407
9SUCB,Paris,Rome,28/06/24,7:47 PM,Flipopia,957.42,275
9TCPS,Paris,Rome,25/06/24,12:48 PM,Eireair,318.57,255
9U793,Paris,Rome,07/06/24,10:14 AM,Buzzdog,351.65,152
9U9P2,Paris,Rome,09/06/24,7:18 AM,Yaboxair,392.53,216
9XGM5,Paris,Rome,26/06/24,9:35 PM,Tagfeed,298.24,134
A2CYK,Paris,Rome,18/06/24,12:24 PM,Zoomcast,718.82,240
A2FYM,Paris,Rome,04/06/24,5:35 AM,Shufflebeat,506.18,75
A2XWF,Paris,Rome,11/06/24,3:26 PM,Bubblebox,740.3,569
A4B6M,Paris,Rome,11/06/24,12:21 AM,Blogpad,486.31,151
A6E7F,Paris,Rome,04/06/24,12:43 PM,Plajoair,677.1,457
A6VTQ,Paris,Rome,09/06/24,1:11 AM,Zoonder,196.5,265
ABTMZ,Paris,Rome,16/06/24,5:52 PM,Podcat,426.45,331
ACWPA,Paris,Rome,22/06/24,7:24 PM,Devpoint,47.37,267
AE998,Paris,Rome,09/06/24,12:24 PM,Zooveo,282.44,452
AENH4,Paris,Rome,07/06/24,2:07 AM,Myworks,424.62,75
AGTYA,Paris,Rome,19/06/24,4:59 AM,Centimia,581.85,122
AGXSC,Paris,Rome,09/06/24,7:13 PM,Kaymboair,37.5,133
AH2VH,Paris,Rome,23/06/24,8:14 PM,Tekflyair,477.61,309
AH894,Paris,Rome,27/06/24,12:28 PM,Vitzair,122.44,190
AHQ7Z,Paris,Rome,18/06/24,6:12 AM,Meevee,705.9,444
AJJ33,Paris,Rome,21/06/24,5:43 PM,Fliptuneair,504.8,551
AKRTL,Paris,Valencia,24/06/24,2:21 PM,Agivuair,223.7,417
ALB82,Paris,Valencia,10/06/24,7:11 AM,Blognation,353.35,474
AMWM2,Paris,Valencia,04/06/24,3:45 PM,Browsedrive,461.83,162
AMYE4,Paris,Valencia,20/06/24,9:34 AM,Bubbletube,198.73,72
AP9QL,Paris,Valencia,08/06/24,3:01 PM,Twitternation,33.97,363
APT2P,Paris,Valencia,10/06/24,4:01 PM,Devcast,986.45,35
AT8KC,Paris,Valencia,18/06/24,5:57 PM,Devpoint,799.69,455
ATDXQ,Paris,Valencia,04/06/24,8:35 PM,Skibaair,422.07,585
ATJ6X,Paris,Valencia,07/06/24,9:08 PM,Rhylooair,840.26,81
AXF3V,Paris,Valencia,28/06/24,2:48 PM,Jaxworks,99.7,401
AYK2P,Paris,Valencia,28/06/24,3:11 PM,Mudoair,359.08,373
B3TH5,Paris,Valencia,24/06/24,8:25 AM,Topicblab,565.52,248
B3ZG9,Paris,Valencia,25/06/24,4:23 AM,Yakitriair,300.59,192
B4HQP,Paris,Valencia,21/06/24,11:12 PM,Jaxnation,135.45,96
B4MR6,Paris,Valencia,23/06/24,5:32 PM,Fliptune,753.42,493
B5AU7,Paris,Valencia,14/06/24,4:33 PM,Twiyoair,985.41,453
B853K,Paris,Valencia,19/06/24,10:49 PM,Fivebridge,504.77,457
B8FTJ,Paris,Valencia,01/06/24,11:42 AM,Oodooair,296.95,198
B9AEG,Paris,Valencia,11/06/24,7:30 PM,Vipeair,809.14,407
BAQRP,Paris,Valencia,10/06/24,1:25 AM,Kaymbo,155.92,275
BBJ6L,Paris,Valencia,19/06/24,9:31 PM,Twitterbridge,181.23,255
BF3YM,Paris,Valencia,23/06/24,12:50 PM,Flipopia,990.02,152
BFNUG,Paris,Valencia,23/06/24,7:34 PM,Eireair,238.34,216
BHR5P,Paris,Valencia,20/06/24,11:49 AM,Buzzdog,215.68,134
BK4WR,Paris,Valencia,04/06/24,11:58 PM,Yaboxair,698.77,240
BM8UP,Paris,Valencia,21/06/24,9:39 PM,Tagfeed,727.43,75
BMMX5,Paris,Valencia,06/06/24,4:12 PM,Zoomcast,821.43,569
BNNU9,Paris,Valencia,24/06/24,11:25 PM,Shufflebeat,106.81,151
BQTXK,Paris,Valencia,11/06/24,9:39 PM,Bubblebox,125.79,457
BR969,Paris,Valencia,21/06/24,3:06 AM,Blogpad,387.73,265
BSWBQ,Paris,Valencia,20/06/24,7:12 AM,Plajoair,790.66,331
BTG2K,Paris,Valencia,27/06/24,8:07 PM,Zoonder,393.62,267
BTTX3,Paris,Valencia,24/06/24,9:18 AM,Podcat,521.31,452
BU37K,Paris,Valencia,18/06/24,9:05 PM,Devpoint,227.86,75
BWQG8,Paris,Valencia,18/06/24,12:33 AM,Zooveo,892.04,122
BXMXD,Paris,Valencia,13/06/24,7:32 AM,Myworks,938.62,133
BZ29X,Paris,Valencia,14/06/24,3:32 AM,Centimia,939.96,309
C395W,Paris,Valencia,21/06/24,6:34 PM,Kaymboair,343.96,190
C6WAC,Paris,Lanzarote,05/06/24,1:39 AM,Tekflyair,98.99,444
C8AVM,Paris,Lanzarote,12/06/24,2:25 PM,Vitzair,845.15,551
C9D7H,Paris,Lanzarote,16/06/24,4:30 AM,Meevee,706.61,417
C9NQP,Paris,Lanzarote,16/06/24,12:39 PM,Fliptuneair,859.22,474
CAAK9,Paris,Lanzarote,25/06/24,3:33 AM,Agivuair,551.96,162
CATUP,Paris,Lanzarote,16/06/24,9:57 PM,Blognation,749.74,72
CB2GV,Paris,Lanzarote,02/06/24,9:39 AM,Browsedrive,943.43,363
CBPXH,Paris,Lanzarote,23/06/24,12:49 AM,Bubbletube,551.04,35
CCJXA,Paris,Lanzarote,01/06/24,8:14 AM,Twitternation,154.46,455
CEGR8,Paris,Lanzarote,13/06/24,5:09 AM,Devcast,518.97,585
CH8C6,Paris,Lanzarote,09/06/24,12:03 AM,Devpoint,607.57,81
CJ2Y4,Paris,Lanzarote,27/06/24,6:16 AM,Skibaair,48.07,401
CJCQR,Paris,Lanzarote,03/06/24,9:12 PM,Rhylooair,959.87,373
CK36G,Paris,Lanzarote,18/06/24,6:16 PM,Jaxworks,947.04,248
CKASL,Paris,Lanzarote,05/06/24,5:50 PM,Mudoair,761.11,192
CKLRC,Paris,Lanzarote,05/06/24,2:16 AM,Topicblab,471.76,96
CLRG5,Paris,Lanzarote,28/06/24,12:58 AM,Yakitriair,879.94,493
CM2NX,Paris,Lanzarote,27/06/24,11:44 AM,Jaxnation,227.92,453
CMF6W,Paris,Lanzarote,24/06/24,8:50 PM,Fliptune,482.5,457
CQ23Y,Paris,Lanzarote,13/06/24,8:08 PM,Twiyoair,267.53,198
CT272,Paris,Lanzarote,28/06/24,2:52 PM,Fivebridge,167.38,407
CT2C9,Paris,Lanzarote,21/06/24,2:21 AM,Oodooair,788.88,275
CTKC4,Paris,Lanzarote,28/06/24,9:06 PM,Vipeair,43.41,255
CTWE3,London,Barcelona,01/06/24,11:26 AM,Kaymbo,381.6,152
CUM5K,London,Barcelona,25/06/24,7:48 PM,Twitterbridge,197.79,216
CWZN9,London,Barcelona,03/06/24,3:40 AM,Flipopia,73.47,134
CX35F,London,Barcelona,29/06/24,9:41 PM,Eireair,444.51,240
CX37M,London,Barcelona,08/06/24,2:39 PM,Buzzdog,941.52,75
CXQ47,London,Barcelona,06/06/24,7:57 PM,Yaboxair,104.05,569
CYJN5,London,Barcelona,20/06/24,3:40 AM,Tagfeed,555.59,151
D2HSZ,London,Barcelona,06/06/24,3:33 AM,Zoomcast,270.7,457
D4AUJ,London,Barcelona,13/06/24,9:33 PM,Shufflebeat,988.78,265
D4CV5,London,Barcelona,17/06/24,5:03 PM,Bubblebox,270.54,331
D4VHY,London,Barcelona,04/06/24,8:31 PM,Blogpad,317.98,267
D6V7E,London,Barcelona,18/06/24,4:31 AM,Plajoair,726,452
D6ZJF,London,Barcelona,20/06/24,7:31 PM,Zoonder,409.3,75
D7QMY,London,Barcelona,22/06/24,4:12 PM,Podcat,214.59,122
D7SBU,London,Barcelona,22/06/24,3:43 AM,Devpoint,364.59,133
DA7ZT,London,Barcelona,18/06/24,4:10 AM,Zooveo,920.8,309
DAGVQ,London,Barcelona,18/06/24,10:18 PM,Myworks,222.65,190
DAM4W,London,Barcelona,15/06/24,12:37 PM,Centimia,385.8,444
DAZ8D,London,Barcelona,03/06/24,7:50 PM,Kaymboair,255.98,551
DB5Q7,London,Barcelona,18/06/24,10:20 PM,Tekflyair,680.59,417
DDER2,London,Barcelona,15/06/24,11:13 PM,Vitzair,21.71,474
DEM63,London,Barcelona,20/06/24,11:19 PM,Meevee,647.07,162
DESDH,London,Barcelona,25/06/24,3:23 AM,Fliptuneair,385.1,72
DFTQU,London,Barcelona,27/06/24,9:40 PM,Agivuair,967.94,363
DG2EK,London,Barcelona,19/06/24,4:55 AM,Blognation,588.56,35
DG7KE,London,Barcelona,24/06/24,3:25 AM,Browsedrive,330.92,455
DJSWC,London,Barcelona,01/06/24,4:43 PM,Bubbletube,445.31,585
DJW7H,London,Barcelona,23/06/24,7:41 PM,Twitternation,940.71,81
DMQYH,London,Paris,25/06/24,7:46 AM,Devcast,647.48,401
DMU6U,London,Paris,21/06/24,6:39 PM,Devpoint,846.29,373
DNRZF,London,Paris,26/06/24,5:50 AM,Skibaair,727.89,248
DNWAW,London,Paris,24/06/24,6:25 AM,Rhylooair,819.13,192
DSFXF,London,Paris,25/06/24,12:35 AM,Jaxworks,86.57,96
DTVFE,London,Paris,26/06/24,5:05 AM,Mudoair,675.1,493
DU4A5,London,Paris,16/06/24,4:03 AM,Topicblab,341.58,453
DVLHM,London,Paris,09/06/24,8:06 PM,Yakitriair,430.8,457
DVS7C,London,Paris,04/06/24,9:29 PM,Jaxnation,257.46,198
DVUT8,London,Paris,16/06/24,1:57 AM,Fliptune,430.92,407
DY7N2,London,Paris,01/06/24,12:55 AM,Twiyoair,161.66,275
DYEHW,London,Paris,08/06/24,7:08 PM,Fivebridge,323.96,255
E3H6D,London,Paris,22/06/24,10:20 PM,Oodooair,956.28,152
E4BN6,London,Paris,12/06/24,2:47 AM,Vipeair,105.92,216
E5EUA,London,Paris,06/06/24,12:00 AM,Kaymbo,677.78,134
E6SF4,London,Paris,11/06/24,3:45 AM,Twitterbridge,551.37,240
E6ZCM,London,Paris,22/06/24,2:40 AM,Flipopia,70.68,75
E8PDP,London,Paris,15/06/24,5:40 AM,Eireair,790.24,569
E94LD,London,Paris,04/06/24,12:00 AM,Buzzdog,573.91,151
ECE8M,Bari,London,15/06/24,1:26 AM,Yaboxair,77.43,457
ECVBP,Bari,London,17/06/24,12:55 AM,Tagfeed,452.28,265
EDGVP,Bari,London,14/06/24,9:48 PM,Zoomcast,690.33,331
EG3AS,Bari,London,13/06/24,1:25 PM,Shufflebeat,966.89,267
EGLHE,Bari,London,09/06/24,1:31 PM,Bubblebox,405.65,452
EJQB6,Bari,London,05/06/24,7:48 PM,Blogpad,294.01,75
EKF54,Bari,London,03/06/24,8:36 PM,Plajoair,331.57,122
EKJZC,Bari,London,10/06/24,7:09 AM,Zoonder,412.67,133
ELRYL,Bari,London,07/06/24,11:06 AM,Podcat,716.83,309
ENVFQ,Bari,London,27/06/24,3:42 PM,Devpoint,747,190
ENWVQ,Bari,London,23/06/24,9:02 PM,Zooveo,896.46,444
ESFD5,Bari,London,05/06/24,5:22 AM,Myworks,463.01,551
ET5AL,Bari,London,28/06/24,3:35 PM,Centimia,76.84,417
ETGRR,Bari,London,01/06/24,7:11 PM,Kaymboair,839.68,474
EU4UT,Bari,London,17/06/24,4:46 PM,Tekflyair,549.13,162
EV9EE,Bari,London,03/06/24,3:53 PM,Vitzair,431.9,72
EVHSH,Bari,London,27/06/24,10:48 PM,Meevee,404.58,363
EWRSX,Bari,London,08/06/24,3:32 PM,Fliptuneair,40.01,35
EYC2E,Bari,London,19/06/24,6:38 PM,Agivuair,496.76,455
EYPKC,Bari,London,08/06/24,4:07 AM,Blognation,193.93,585
EZERQ,Bari,London,18/06/24,2:01 AM,Browsedrive,617.09,81
F4UHC,Bari,London,17/06/24,6:01 PM,Bubbletube,467.17,401
F5SFV,Bari,London,13/06/24,2:27 AM,Twitternation,56.51,373
F6EDW,Bari,London,07/06/24,4:06 PM,Devcast,846.71,248
F7JUL,Bari,London,05/06/24,6:43 AM,Devpoint,783.62,192
F7W5W,Bari,London,15/06/24,11:43 PM,Skibaair,507.52,96
F9CPK,Bari,London,03/06/24,9:15 AM,Rhylooair,809.97,493
FAZK8,Bari,London,15/06/24,10:04 PM,Jaxworks,724.4,453
FBQEW,London,Rome,23/06/24,2:56 AM,Mudoair,973.77,457
FDPPQ,London,Rome,11/06/24,10:14 AM,Topicblab,589.45,198
FE2YW,London,Rome,28/06/24,8:03 PM,Yakitriair,558.52,407
FESZE,London,Rome,14/06/24,6:46 AM,Jaxnation,990.19,275
FHA28,London,Rome,07/06/24,5:39 PM,Fliptune,622.75,255
FHCM7,London,Rome,14/06/24,4:33 PM,Twiyoair,150.96,152
FJXTA,London,Rome,05/06/24,1:21 AM,Fivebridge,120.87,216
FKDZ7,London,Rome,05/06/24,12:12 AM,Oodooair,57.48,134
FL7YS,London,Rome,04/06/24,8:34 AM,Vipeair,441.41,240
FNGCA,London,Rome,28/06/24,7:05 AM,Kaymbo,992.98,75
FQ3C9,London,Rome,03/06/24,11:46 PM,Twitterbridge,824.51,569
FRPMZ,London,Rome,27/06/24,11:03 AM,Flipopia,501.2,151
FRW7V,London,Rome,13/06/24,2:14 AM,Eireair,656.94,457
FSMSE,London,Rome,25/06/24,3:17 PM,Buzzdog,610.12,265
FTL8V,London,Rome,23/06/24,6:02 PM,Yaboxair,238.94,331
FUBRJ,London,Rome,05/06/24,11:05 PM,Tagfeed,563.61,267
FUF67,London,Rome,17/06/24,7:34 AM,Zoomcast,824.51,452
FV4CP,London,Rome,04/06/24,4:03 AM,Shufflebeat,532.93,75
FVF8C,London,Rome,28/06/24,12:13 AM,Bubblebox,472.39,122
FVNYH,London,Rome,22/06/24,3:13 AM,Blogpad,327.73,133
FWEP9,London,Rome,16/06/24,12:21 AM,Plajoair,688.72,309
FXDAW,London,Rome,15/06/24,2:43 AM,Zoonder,221.16,190
G2ZYG,London,Rome,21/06/24,2:31 PM,Podcat,483.06,444
G36TM,London,Valencia,09/06/24,11:31 AM,Devpoint,184.4,551
G38MW,London,Valencia,01/06/24,10:00 PM,Zooveo,149.11,417
G3MC9,London,Valencia,26/06/24,2:26 PM,Myworks,866.74,474
G52TY,London,Valencia,14/06/24,3:57 AM,Centimia,178.94,162
G57SF,London,Valencia,02/06/24,8:29 PM,Kaymboair,284.25,72
G5HEA,London,Valencia,05/06/24,5:46 AM,Tekflyair,992.35,363
G5TY6,London,Valencia,12/06/24,12:54 AM,Vitzair,879.28,35
G66X2,London,Valencia,26/06/24,3:29 AM,Meevee,650.22,455
G7RMK,London,Valencia,03/06/24,12:35 AM,Fliptuneair,915.66,585
G885M,London,Valencia,20/06/24,11:42 AM,Agivuair,151.49,81
GAK4Q,London,Valencia,07/06/24,2:45 PM,Blognation,403.14,401
GAK5A,London,Valencia,28/06/24,2:29 AM,Browsedrive,989.77,373
GAM8T,London,Valencia,14/06/24,9:04 PM,Bubbletube,352.13,248
GAVCR,London,Valencia,15/06/24,5:55 AM,Twitternation,803.43,192
GF62L,London,Valencia,08/06/24,7:13 PM,Devcast,788.55,96
GJJLL,London,Valencia,15/06/24,9:51 PM,Devpoint,366.31,493
GJPBE,London,Valencia,11/06/24,7:08 PM,Skibaair,942.06,453
GKEJS,London,Valencia,03/06/24,10:43 AM,Rhylooair,336.38,457
GKT76,London,Valencia,09/06/24,10:46 AM,Jaxworks,95.85,198
GLLZ2,London,Valencia,11/06/24,9:12 AM,Mudoair,666.67,407
GM227,London,Valencia,10/06/24,7:25 PM,Topicblab,89.2,275
GN5U5,London,Valencia,06/06/24,12:14 AM,Yakitriair,245.14,255
GNN82,London,Valencia,01/06/24,3:09 PM,Jaxnation,515.61,152
GPAE2,London,Valencia,10/06/24,11:08 PM,Fliptune,341.89,216
GR4HK,London,Valencia,19/06/24,6:31 PM,Twiyoair,854.13,134
GR8SH,London,Valencia,05/06/24,9:11 PM,Fivebridge,283.14,240
GRSYT,London,Valencia,16/06/24,4:42 AM,Oodooair,408.58,75
GS484,London,Valencia,20/06/24,7:58 AM,Vipeair,776.64,569
GTPCB,London,Valencia,10/06/24,1:33 PM,Kaymbo,159.5,151
GUBVP,London,Valencia,21/06/24,1:06 AM,Twitterbridge,543.37,457
GUJRL,London,Valencia,24/06/24,9:30 AM,Flipopia,350.33,265
GUXDX,London,Valencia,02/06/24,5:46 PM,Eireair,642.64,331
GVKEY,London,Valencia,18/06/24,3:44 AM,Buzzdog,54.75,267
GYRNX,London,Valencia,24/06/24,3:01 AM,Yaboxair,623.67,452
GZLP3,London,Valencia,11/06/24,2:58 AM,Tagfeed,512.41,75
H22DC,London,Valencia,22/06/24,12:28 AM,Zoomcast,908.09,122
H2VTY,London,Valencia,08/06/24,5:02 AM,Shufflebeat,230.13,133
H3FJF,London,Valencia,06/06/24,4:07 PM,Bubblebox,624.53,309
H4HNP,London,Lanzarote,28/06/24,3:29 AM,Blogpad,912.94,190
H4Y2K,London,Lanzarote,22/06/24,8:20 PM,Plajoair,990,444
H5C5M,London,Lanzarote,07/06/24,12:44 AM,Zoonder,891.03,551
H5TGD,London,Lanzarote,05/06/24,11:03 PM,Podcat,342.14,417
H6LHN,London,Lanzarote,09/06/24,12:40 AM,Devpoint,783.74,474
H6WRR,London,Lanzarote,03/06/24,7:05 AM,Zooveo,212.49,162
H8LYD,London,Lanzarote,29/06/24,10:57 PM,Myworks,692.37,72
HBVK3,London,Lanzarote,13/06/24,1:33 PM,Centimia,419.89,363
HBWGS,London,Lanzarote,06/06/24,3:56 PM,Kaymboair,445.78,35
HD2HW,London,Lanzarote,04/06/24,12:35 PM,Tekflyair,308.84,455
HGHPB,London,Lanzarote,08/06/24,1:38 PM,Vitzair,276.33,585
HGX93,London,Lanzarote,17/06/24,3:19 AM,Meevee,829.96,81
HH7JV,London,Lanzarote,24/06/24,11:58 AM,Fliptuneair,984.3,401
HHFMK,London,Lanzarote,22/06/24,2:51 AM,Agivuair,38.8,373
HJRG7,London,Lanzarote,26/06/24,11:10 AM,Blognation,433.29,248
HLC7E,London,Lanzarote,19/06/24,3:49 PM,Browsedrive,527.61,192
HMKLK,London,Lanzarote,01/06/24,12:54 AM,Bubbletube,834.81,96
HPBMX,London,Lanzarote,21/06/24,10:06 PM,Twitternation,189.74,493
HPZ7T,London,Lanzarote,19/06/24,11:01 PM,Devcast,377.67,453
HQ4MT,London,Lanzarote,26/06/24,5:50 AM,Devpoint,287.72,457
HR4T5,London,Lanzarote,08/06/24,8:38 AM,Skibaair,993.29,198
HS9CM,London,Lanzarote,18/06/24,11:10 AM,Rhylooair,426.09,407
HUQZV,London,Lanzarote,16/06/24,6:34 AM,Jaxworks,782.12,275
HVSSP,Rome,Barcelona,12/06/24,10:08 PM,Mudoair,459.27,255
HXS4G,Rome,Barcelona,28/06/24,12:56 PM,Topicblab,911.77,152
HY5JK,Rome,Barcelona,11/06/24,4:34 PM,Yakitriair,765.83,216
HZGSV,Rome,Barcelona,15/06/24,5:12 AM,Jaxnation,348.72,134
J2CZ5,Rome,Barcelona,28/06/24,1:23 AM,Fliptune,738.89,240
J4SXZ,Rome,Barcelona,11/06/24,10:56 AM,Twiyoair,607.22,75
J4UMF,Rome,Barcelona,12/06/24,4:33 PM,Fivebridge,234.52,569
J53TA,Rome,Barcelona,24/06/24,9:12 PM,Oodooair,487.65,151
J5GRV,Rome,Barcelona,14/06/24,4:00 AM,Vipeair,803.77,457
J5SCM,Rome,Barcelona,21/06/24,4:25 PM,Kaymbo,120.76,265
J6CBF,Rome,Barcelona,12/06/24,11:49 PM,Twitterbridge,596.94,331
J6LDP,Rome,Barcelona,06/06/24,9:57 AM,Flipopia,585.27,267
J7BZ3,Rome,Barcelona,18/06/24,11:33 AM,Eireair,381.51,452
JB6Z5,Rome,Barcelona,11/06/24,8:55 AM,Buzzdog,764.46,75
JBD9C,Rome,Barcelona,20/06/24,5:43 PM,Yaboxair,113.05,122
JBEPL,Rome,Barcelona,10/06/24,4:24 PM,Tagfeed,461.31,133
JBUFE,Rome,Barcelona,05/06/24,11:29 PM,Zoomcast,801.42,309
JCQEF,Rome,Barcelona,29/06/24,6:26 PM,Shufflebeat,137.73,190
JEC5G,Rome,Barcelona,03/06/24,1:54 PM,Bubblebox,384.77,444
JGS3R,Rome,Barcelona,27/06/24,2:51 PM,Blogpad,91.34,551
JGWV6,Rome,Barcelona,12/06/24,9:16 PM,Plajoair,26.29,417
JGYTB,Rome,Barcelona,17/06/24,2:56 PM,Zoonder,569.42,474
JHH6Y,Rome,Barcelona,15/06/24,2:12 AM,Podcat,669.79,162
JJGQ3,Rome,Barcelona,19/06/24,1:02 PM,Devpoint,957.13,72
JJMD3,Rome,Barcelona,02/06/24,3:49 AM,Zooveo,115.31,363
JKQ65,Rome,Barcelona,03/06/24,8:17 AM,Myworks,428.39,35
JLBHL,Rome,Barcelona,04/06/24,7:23 AM,Centimia,754.24,455
JLXLF,Rome,Barcelona,15/06/24,12:17 PM,Kaymboair,848.87,585
JPN3W,Rome,Paris,24/06/24,2:31 AM,Tekflyair,530.65,81
JPVLV,Rome,Paris,10/06/24,10:41 PM,Vitzair,305.42,401
JQM7V,Rome,Paris,01/06/24,11:13 PM,Meevee,210.03,373
JQQ8C,Rome,Paris,15/06/24,4:44 AM,Fliptuneair,277.05,248
JRJMF,Rome,Paris,05/06/24,4:17 PM,Agivuair,389.14,192
JS6FZ,Rome,Paris,22/06/24,3:04 PM,Blognation,802.62,96
JST74,Rome,Paris,22/06/24,7:05 PM,Browsedrive,331.47,493
JTHHM,Rome,Paris,24/06/24,6:06 PM,Bubbletube,485.09,453
JU8KW,Rome,Paris,16/06/24,5:11 AM,Twitternation,21.3,457
JVVGF,Rome,Paris,12/06/24,4:50 PM,Devcast,446.14,198
JWJFC,Rome,Paris,19/06/24,3:23 AM,Devpoint,664.49,407
JXR5P,Rome,Paris,24/06/24,8:05 AM,Skibaair,228.75,275
JYKJA,Rome,Paris,09/06/24,1:38 AM,Rhylooair,494.79,255
JZ5JA,Rome,Paris,05/06/24,2:36 PM,Jaxworks,509.52,152
K2MLP,Rome,Paris,29/06/24,2:28 AM,Mudoair,541.73,216
K33AN,Rome,Paris,10/06/24,4:50 PM,Topicblab,979.86,134
K33DU,Rome,Paris,14/06/24,2:30 AM,Yakitriair,802.35,240
K3HXZ,Rome,Paris,27/06/24,10:43 AM,Jaxnation,938.89,75
K48CE,Rome,Paris,17/06/24,10:19 AM,Fliptune,659.11,569
K5LYH,Rome,London,23/06/24,4:16 AM,Twiyoair,764.48,151
K5Y2K,Rome,London,18/06/24,3:40 PM,Fivebridge,610.09,457
K6SCE,Rome,London,28/06/24,4:51 AM,Oodooair,296.56,265
K76SG,Rome,London,18/06/24,5:57 AM,Vipeair,329.68,331
K7WEL,Rome,London,24/06/24,12:10 AM,Kaymbo,329.5,267
K8V4K,Rome,London,06/06/24,11:42 AM,Twitterbridge,452.43,452
KBB6A,Rome,London,12/06/24,1:44 AM,Flipopia,838.64,75
KBUWS,Rome,London,20/06/24,11:41 AM,Eireair,570.68,122
KD9M2,Rome,London,06/06/24,10:04 PM,Buzzdog,994.39,133
KEXAC,Rome,London,11/06/24,1:19 PM,Yaboxair,192.19,309
KHJ2H,Rome,London,16/06/24,2:46 AM,Tagfeed,649.91,190
KHSWG,Rome,London,18/06/24,1:53 AM,Zoomcast,312.72,444
KJ25F,Rome,London,16/06/24,10:21 PM,Shufflebeat,511.97,551
KKRXF,Rome,London,28/06/24,8:18 AM,Bubblebox,438.62,417
KLHTX,Rome,London,25/06/24,4:36 PM,Blogpad,316.07,474
KMMFK,Rome,London,09/06/24,9:30 AM,Plajoair,260.89,162
KMPNH,Rome,London,27/06/24,11:52 AM,Zoonder,734.98,72
KMVDF,Rome,London,23/06/24,7:27 PM,Podcat,116.6,363
KMWG5,Rome,London,23/06/24,10:33 AM,Devpoint,975.3,35
KN5V4,Rome,London,01/06/24,6:36 AM,Zooveo,130.48,455
KQ5KR,Rome,London,28/06/24,9:29 AM,Myworks,241.42,585
KQ6P5,Rome,London,23/06/24,11:12 PM,Centimia,760.41,81
KQJLF,Rome,London,12/06/24,2:06 PM,Kaymboair,622.85,401
KSGFT,Rome,London,18/06/24,7:24 AM,Tekflyair,975.5,373
KTH9J,Rome,London,10/06/24,12:40 PM,Vitzair,518.62,248
KUMFS,Rome,London,09/06/24,11:01 AM,Meevee,81.77,192
KUNBA,Rome,London,19/06/24,10:51 PM,Fliptuneair,69.74,96
KVEPG,Rome,London,26/06/24,5:37 PM,Agivuair,611.6,493
KVPZ2,Bari,Rome,07/06/24,7:44 PM,Blognation,434.86,453
KVWGZ,Bari,Rome,16/06/24,6:05 PM,Browsedrive,862.02,457
KVWS9,Bari,Rome,10/06/24,10:25 PM,Bubbletube,306.26,198
KWH25,Bari,Rome,03/06/24,3:16 PM,Twitternation,571.53,407
KWSMR,Bari,Rome,03/06/24,6:56 PM,Devcast,872.83,275
KXMG3,Bari,Rome,18/06/24,1:33 PM,Devpoint,267.13,255
KY7MJ,Bari,Rome,29/06/24,10:37 AM,Skibaair,391,152
KZ3N6,Bari,Rome,14/06/24,8:18 AM,Rhylooair,713.65,216
KZNEB,Bari,Rome,12/06/24,5:48 PM,Jaxworks,40.71,134
L2B7J,Bari,Rome,02/06/24,12:09 AM,Mudoair,303.44,240
L6GU4,Bari,Rome,06/06/24,3:42 AM,Topicblab,591.86,75
L77QZ,Bari,Rome,11/06/24,5:39 PM,Yakitriair,322.47,569
L93S4,Bari,Rome,17/06/24,10:15 AM,Jaxnation,839.69,151
L9ZHY,Bari,Rome,06/06/24,8:12 PM,Fliptune,395.64,457
LBESE,Bari,Rome,15/06/24,11:29 AM,Twiyoair,887.88,265
LBXP8,Bari,Rome,13/06/24,2:25 AM,Fivebridge,580.68,331
LCSP9,Bari,Rome,08/06/24,9:23 AM,Oodooair,857.98,267
LHU35,Bari,Rome,23/06/24,10:10 PM,Vipeair,365.52,452
LKB4S,Bari,Rome,06/06/24,9:00 PM,Kaymbo,693.05,75
LKGDM,Bari,Rome,02/06/24,9:16 PM,Twitterbridge,116.03,122
LL9NT,Bari,Rome,22/06/24,5:02 AM,Flipopia,576.56,133
LLKN9,Bari,Rome,02/06/24,5:08 AM,Eireair,141.29,309
LMCGY,Bari,Rome,20/06/24,12:15 PM,Buzzdog,178.27,190
LNR9W,Rome,Valencia,20/06/24,9:07 PM,Yaboxair,450.71,444
LQ36N,Rome,Valencia,15/06/24,12:13 PM,Tagfeed,274.11,551
LQ69L,Rome,Valencia,23/06/24,6:32 PM,Zoomcast,251.21,417
LRL8M,Rome,Valencia,27/06/24,5:28 PM,Shufflebeat,169.19,474
LRPLT,Rome,Valencia,12/06/24,3:46 PM,Bubblebox,174.05,162
LTXXR,Rome,Valencia,23/06/24,5:25 PM,Blogpad,311.13,72
LXVKD,Rome,Valencia,12/06/24,12:27 AM,Plajoair,914.16,363
M25CX,Rome,Valencia,25/06/24,5:09 PM,Zoonder,922.92,35
M2D6N,Rome,Valencia,08/06/24,8:08 AM,Podcat,956.07,455
M4F7X,Rome,Valencia,07/06/24,10:49 AM,Devpoint,248.51,585
M538Y,Rome,Valencia,17/06/24,10:19 PM,Zooveo,436.97,81
M6RVV,Rome,Valencia,06/06/24,3:22 PM,Myworks,741.53,401
M7CCH,Rome,Valencia,07/06/24,12:07 AM,Centimia,919.52,373
M7FQR,Rome,Valencia,17/06/24,8:13 PM,Kaymboair,844.06,248
M7V8G,Rome,Valencia,10/06/24,3:36 AM,Tekflyair,892.96,192
MAJ8T,Rome,Valencia,29/06/24,8:09 AM,Vitzair,965.51,96
MAM5H,Rome,Valencia,21/06/24,4:12 AM,Meevee,746.8,493
MB7GW,Rome,Valencia,24/06/24,9:15 PM,Fliptuneair,595.02,453
MCG3H,Rome,Valencia,02/06/24,3:25 PM,Agivuair,720.27,457
MCX76,Rome,Valencia,14/06/24,1:58 PM,Blognation,652.44,198
MFWEM,Rome,Valencia,12/06/24,7:00 AM,Browsedrive,327.14,407
MGMQ6,Rome,Valencia,15/06/24,9:51 PM,Bubbletube,754.15,275
MGTK7,Rome,Valencia,27/06/24,1:55 PM,Twitternation,904.73,255
MGVJP,Rome,Valencia,18/06/24,8:59 PM,Devcast,648.25,152
ML2Z2,Rome,Valencia,27/06/24,5:23 AM,Devpoint,754.55,216
MM2P9,Rome,Valencia,29/06/24,5:00 AM,Skibaair,963.21,134
MQ2J7,Rome,Valencia,06/06/24,4:36 AM,Rhylooair,689.79,240
MRQCL,Rome,Valencia,05/06/24,9:13 PM,Jaxworks,940.2,75
MRZXK,Rome,Valencia,02/06/24,7:21 PM,Mudoair,84.27,569
MV24M,Rome,Valencia,16/06/24,8:08 PM,Topicblab,384.69,151
MVM2Z,Rome,Valencia,01/06/24,10:33 AM,Yakitriair,695.26,457
MVRYD,Rome,Valencia,05/06/24,5:57 PM,Jaxnation,260.5,265
MWGPJ,Rome,Valencia,07/06/24,3:34 AM,Fliptune,153.62,331
MWPS6,Rome,Valencia,14/06/24,5:53 AM,Twiyoair,454.78,267
MY28P,Rome,Valencia,03/06/24,7:14 AM,Fivebridge,134.79,452
MYG3Q,Rome,Valencia,20/06/24,8:07 AM,Oodooair,812.4,75
MYSWF,Rome,Valencia,09/06/24,1:40 AM,Vipeair,927.45,122
MZZAV,Rome,Valencia,12/06/24,2:09 PM,Kaymbo,367.18,133
N2MVC,Rome,Lanzarote,19/06/24,7:02 PM,Twitterbridge,281.05,309
N3PD4,Rome,Lanzarote,20/06/24,9:06 AM,Flipopia,639.54,190
N5JA9,Rome,Lanzarote,05/06/24,2:54 AM,Eireair,700.27,444
N64X3,Rome,Lanzarote,28/06/24,7:13 AM,Buzzdog,353.23,551
N785Z,Rome,Lanzarote,12/06/24,10:32 AM,Yaboxair,610.41,417
N7EQL,Rome,Lanzarote,22/06/24,10:47 AM,Tagfeed,918.71,474
N9MNW,Rome,Lanzarote,10/06/24,7:41 AM,Zoomcast,787.36,162
NAKKT,Rome,Lanzarote,23/06/24,11:38 AM,Shufflebeat,178.15,72
NARCW,Rome,Lanzarote,03/06/24,4:23 AM,Bubblebox,822.95,363
NBNAW,Rome,Lanzarote,02/06/24,4:45 AM,Blogpad,875.28,35
NCZ4E,Rome,Lanzarote,05/06/24,12:57 PM,Plajoair,251.53,455
ND482,Rome,Lanzarote,20/06/24,12:13 PM,Zoonder,259.56,585
ND8CL,Rome,Lanzarote,20/06/24,4:35 PM,Podcat,610.4,81
NE46L,Rome,Lanzarote,13/06/24,5:43 PM,Devpoint,347.33,401
NFTMV,Rome,Lanzarote,09/06/24,1:22 AM,Zooveo,237.94,373
NFVMM,Rome,Lanzarote,10/06/24,11:34 AM,Myworks,197.59,248
NG2RQ,Rome,Lanzarote,28/06/24,2:25 PM,Centimia,559.45,192
NGCGP,Rome,Lanzarote,09/06/24,12:45 AM,Kaymboair,85.99,96
NGGWU,Rome,Lanzarote,17/06/24,6:12 PM,Tekflyair,671.01,493
NH2EG,Rome,Lanzarote,18/06/24,10:30 AM,Vitzair,990.99,453
NK6HS,Rome,Lanzarote,09/06/24,4:19 AM,Meevee,842.11,457
NKRUX,Rome,Lanzarote,10/06/24,12:46 AM,Fliptuneair,960.67,198
NLJ9T,Rome,Lanzarote,20/06/24,6:08 PM,Agivuair,178.22,407
NNFCC,Valencia,Barcelona,08/06/24,5:39 AM,Blognation,454.67,275
NNGGD,Valencia,Barcelona,02/06/24,8:27 PM,Browsedrive,25.89,255
NNX8T,Valencia,Barcelona,15/06/24,10:05 AM,Bubbletube,217.36,152
NQRND,Valencia,Barcelona,17/06/24,4:28 PM,Twitternation,759.63,216
NR6YX,Valencia,Barcelona,03/06/24,6:01 PM,Devcast,917.45,134
NR7YL,Valencia,Barcelona,13/06/24,6:36 AM,Devpoint,251.33,240
NTTTA,Valencia,Barcelona,25/06/24,10:32 PM,Skibaair,413.98,75
NUXHW,Valencia,Barcelona,22/06/24,9:43 PM,Rhylooair,576.26,569
NYX4Q,Valencia,Barcelona,28/06/24,1:31 PM,Jaxworks,845.66,151
NZ9SG,Valencia,Barcelona,20/06/24,2:48 PM,Mudoair,286.3,457
NZHAQ,Valencia,Barcelona,20/06/24,2:40 PM,Topicblab,376.45,265
NZJLL,Valencia,Barcelona,06/06/24,2:52 AM,Yakitriair,601.5,331
P4TES,Valencia,Barcelona,01/06/24,4:21 AM,Jaxnation,216.28,267
P6SPS,Valencia,Barcelona,01/06/24,5:47 AM,Fliptune,405.48,452
P6T4U,Valencia,Barcelona,20/06/24,1:59 PM,Twiyoair,824.81,75
P8YLE,Valencia,Barcelona,11/06/24,6:06 AM,Fivebridge,857.32,122
P97DL,Valencia,Barcelona,12/06/24,7:39 AM,Oodooair,828.27,133
P9DRK,Valencia,Barcelona,11/06/24,12:01 AM,Vipeair,260.9,309
P9SFT,Valencia,Barcelona,01/06/24,12:39 AM,Kaymbo,161.09,190
PAFMU,Valencia,Barcelona,11/06/24,9:00 PM,Twitterbridge,803.74,444
PAWEP,Valencia,Barcelona,25/06/24,12:30 AM,Flipopia,290.28,551
PBF4L,Valencia,Barcelona,23/06/24,6:19 PM,Eireair,917.88,417
PBFAA,Valencia,Barcelona,03/06/24,9:55 PM,Buzzdog,931.96,474
PCDDY,Valencia,Barcelona,23/06/24,2:49 PM,Yaboxair,393.58,162
PDDSD,Valencia,Barcelona,06/06/24,9:01 PM,Tagfeed,594.87,72
PE43G,Valencia,Barcelona,26/06/24,11:53 AM,Zoomcast,882.51,363
PFAXS,Valencia,Barcelona,13/06/24,12:41 PM,Shufflebeat,512.3,35
PFPTU,Valencia,Barcelona,06/06/24,4:26 PM,Bubblebox,851.12,455
PFQKT,Valencia,Paris,10/06/24,10:47 AM,Blogpad,154.74,585
PFYU4,Valencia,Paris,07/06/24,7:42 PM,Plajoair,962.58,81
PFZDE,Valencia,Paris,05/06/24,3:27 AM,Zoonder,158.14,401
PGAPK,Valencia,Paris,24/06/24,9:55 AM,Podcat,875.82,373
PHHFE,Valencia,Paris,14/06/24,4:39 PM,Devpoint,870.1,248
PJFVT,Valencia,Paris,03/06/24,6:45 AM,Zooveo,472.44,192
PKSJP,Valencia,Paris,02/06/24,3:15 AM,Myworks,490.73,96
PL7VY,Valencia,Paris,11/06/24,12:41 AM,Centimia,742.7,493
PLGMZ,Valencia,Paris,09/06/24,3:12 AM,Kaymboair,229.46,453
PLTF8,Valencia,Paris,08/06/24,8:53 PM,Tekflyair,663.18,457
PMN7P,Valencia,Paris,12/06/24,7:13 AM,Vitzair,73.1,198
PN9UP,Valencia,Paris,03/06/24,9:29 AM,Meevee,375.66,407
PNMXY,Valencia,Paris,01/06/24,1:36 PM,Fliptuneair,92.72,275
PREKG,Valencia,Paris,02/06/24,11:37 PM,Agivuair,23.55,255
PS8TX,Valencia,Paris,14/06/24,3:15 AM,Blognation,625.35,152
PSF2Q,Valencia,Paris,27/06/24,4:46 PM,Browsedrive,456.51,216
PSVMP,Valencia,Paris,03/06/24,7:47 AM,Bubbletube,676.64,134
PTFVK,Valencia,Paris,22/06/24,3:21 AM,Twitternation,666.27,240
PUUAG,Valencia,Paris,01/06/24,7:25 PM,Devcast,634.89,75
PX69F,Valencia,London,24/06/24,3:44 AM,Devpoint,128.82,569
PXGC2,Valencia,London,02/06/24,3:08 AM,Skibaair,471.25,151
PY8FY,Valencia,London,05/06/24,6:52 AM,Rhylooair,149.35,457
Q2Y7X,Valencia,London,05/06/24,5:59 AM,Jaxworks,643.93,265
Q3YTF,Valencia,London,03/06/24,2:22 AM,Mudoair,96.86,331
Q47R4,Valencia,London,21/06/24,5:11 AM,Topicblab,746.73,267
Q4V5C,Valencia,London,07/06/24,1:58 PM,Yakitriair,443.52,452
Q4XST,Valencia,London,29/06/24,9:17 PM,Jaxnation,577.48,75
Q73SD,Valencia,London,22/06/24,9:14 AM,Fliptune,524.46,122
Q7S5Q,Valencia,London,26/06/24,12:27 AM,Twiyoair,157.75,133
Q9Q7F,Valencia,London,13/06/24,5:32 PM,Fivebridge,935.09,309
QCQWL,Valencia,London,13/06/24,8:59 PM,Oodooair,492.95,190
QEXK4,Valencia,London,10/06/24,4:56 AM,Vipeair,931.63,444
QG7LN,Valencia,London,04/06/24,1:26 PM,Kaymbo,429.03,551
QGZ7B,Valencia,London,16/06/24,11:46 PM,Twitterbridge,254.05,417
QGZPJ,Valencia,London,21/06/24,1:53 PM,Flipopia,410.52,474
QHSCN,Valencia,London,02/06/24,5:51 AM,Eireair,591.87,162
QHYS9,Valencia,London,28/06/24,2:05 AM,Buzzdog,581.45,72
QKJWR,Valencia,London,24/06/24,1:39 AM,Yaboxair,634.5,363
QMP7R,Valencia,London,27/06/24,12:38 PM,Tagfeed,490.01,35
QQ8VA,Valencia,London,22/06/24,4:12 AM,Zoomcast,541.45,455
QQCCZ,Valencia,London,15/06/24,8:26 PM,Shufflebeat,143.84,585
QQV8Z,Valencia,London,08/06/24,6:04 PM,Bubblebox,221.84,81
QRCLU,Valencia,London,25/06/24,12:51 AM,Blogpad,131.7,401
QRSZL,Valencia,London,03/06/24,8:16 AM,Plajoair,523.91,373
QSNBG,Valencia,London,06/06/24,9:54 AM,Zoonder,264.99,248
QU4S3,Valencia,London,12/06/24,12:59 AM,Podcat,918.18,192
QUTDR,Valencia,London,20/06/24,11:47 AM,Devpoint,275.09,96
QV9KW,Valencia,Rome,13/06/24,1:16 PM,Zooveo,322,493
QVSQR,Valencia,Rome,07/06/24,1:29 PM,Myworks,372.34,453
QWDE8,Valencia,Rome,17/06/24,10:39 AM,Centimia,165.51,457
QZBPR,Valencia,Rome,09/06/24,7:03 AM,Kaymboair,743.74,198
R495P,Valencia,Rome,29/06/24,1:43 AM,Tekflyair,474.02,407
R5R7D,Valencia,Rome,08/06/24,8:05 PM,Vitzair,509.07,275
R66DX,Valencia,Rome,08/06/24,11:42 AM,Meevee,287.33,255
R6X5Z,Valencia,Rome,24/06/24,2:25 AM,Fliptuneair,582.56,152
R6Z2A,Valencia,Rome,10/06/24,11:09 PM,Agivuair,906.08,216
R8869,Valencia,Rome,24/06/24,7:43 PM,Blognation,870.57,134
R8JHW,Valencia,Rome,17/06/24,11:03 PM,Browsedrive,624.57,240
R9D6Q,Valencia,Rome,10/06/24,10:44 AM,Bubbletube,814.17,75
R9NEX,Valencia,Rome,21/06/24,4:45 AM,Twitternation,111.63,569
RBCF8,Valencia,Rome,23/06/24,2:24 PM,Devcast,557.03,151
RBLW9,Valencia,Rome,14/06/24,7:57 PM,Devpoint,875.1,457
RC4SY,Valencia,Rome,17/06/24,6:42 AM,Skibaair,610.52,265
RCBBY,Valencia,Rome,29/06/24,1:50 PM,Rhylooair,129.24,331
RCYUR,Valencia,Rome,03/06/24,8:58 PM,Jaxworks,918.69,267
RDDVC,Valencia,Rome,16/06/24,5:49 PM,Mudoair,167.49,452
RDUL2,Valencia,Rome,17/06/24,11:27 AM,Topicblab,677.83,75
RH293,Valencia,Rome,03/06/24,8:54 AM,Yakitriair,445.83,122
RHMLY,Valencia,Rome,01/06/24,3:17 PM,Jaxnation,378.53,133
RHTZP,Valencia,Rome,23/06/24,8:47 AM,Fliptune,131.19,309
RKBUS,Bari,Valencia,23/06/24,2:20 PM,Twiyoair,562.69,190
RKKX6,Bari,Valencia,11/06/24,2:52 AM,Fivebridge,395.61,444
RKZ5B,Bari,Valencia,07/06/24,11:36 PM,Oodooair,787.33,551
RKZBW,Bari,Valencia,25/06/24,7:45 PM,Vipeair,447.45,417
RL3CD,Bari,Valencia,14/06/24,8:38 AM,Kaymbo,349.64,474
RMMC9,Bari,Valencia,29/06/24,3:20 AM,Twitterbridge,969.49,162
RN26M,Bari,Valencia,13/06/24,1:07 PM,Flipopia,361,72
RSVJC,Bari,Valencia,19/06/24,5:36 PM,Eireair,834.72,363
RTJ2P,Bari,Valencia,10/06/24,1:25 PM,Buzzdog,805.22,35
RUDA7,Bari,Valencia,19/06/24,9:18 AM,Yaboxair,254.1,455
RXWS2,Bari,Valencia,29/06/24,7:54 AM,Tagfeed,908.68,585
RY3QK,Bari,Valencia,28/06/24,2:35 AM,Zoomcast,328.75,81
RZ9KK,Bari,Valencia,12/06/24,6:04 AM,Shufflebeat,973.28,401
S2KVA,Bari,Valencia,14/06/24,6:38 AM,Bubblebox,887.19,373
S4QCV,Bari,Valencia,11/06/24,7:34 AM,Blogpad,901.84,248
S4Z7M,Bari,Valencia,15/06/24,10:54 AM,Plajoair,68.87,192
S5AXZ,Bari,Valencia,28/06/24,4:42 PM,Zoonder,645.83,96
S5SJ3,Bari,Valencia,21/06/24,3:13 PM,Podcat,542.58,493
S7JRC,Bari,Valencia,16/06/24,12:59 AM,Devpoint,661.25,453
S8ZXG,Bari,Valencia,09/06/24,8:44 PM,Zooveo,654.6,457
S9UH6,Bari,Valencia,12/06/24,1:03 AM,Myworks,353.13,198
SBZB7,Bari,Valencia,14/06/24,7:50 AM,Centimia,434.85,407
SDLPD,Bari,Valencia,24/06/24,4:32 AM,Kaymboair,591,275
SDS3K,Bari,Valencia,03/06/24,4:49 PM,Tekflyair,518.29,255
SE9RE,Bari,Valencia,03/06/24,10:28 PM,Vitzair,142.89,152
SE9WZ,Bari,Valencia,13/06/24,10:26 PM,Meevee,186.63,216
SG5AB,Bari,Valencia,22/06/24,7:27 AM,Fliptuneair,367.03,134
SG6DR,Bari,Valencia,02/06/24,5:06 AM,Agivuair,355.58,240
SG6WP,Bari,Valencia,16/06/24,2:47 PM,Blognation,871.71,75
SGT8G,Bari,Valencia,15/06/24,12:52 PM,Browsedrive,741.04,569
SJAF6,Bari,Valencia,05/06/24,4:53 PM,Bubbletube,224,151
SJME8,Bari,Valencia,07/06/24,6:51 AM,Twitternation,775.03,457
SLAYY,Bari,Valencia,04/06/24,1:15 PM,Devcast,598.01,265
SLELM,Bari,Valencia,23/06/24,12:14 AM,Devpoint,814.47,331
SMNT5,Bari,Valencia,16/06/24,6:39 AM,Skibaair,391.43,267
SNGKB,Bari,Valencia,16/06/24,2:42 PM,Rhylooair,964.74,452
SP2H5,Bari,Valencia,03/06/24,9:58 AM,Jaxworks,686.68,75
SPSMA,Bari,Valencia,23/06/24,12:36 AM,Mudoair,442.49,122
SRJSZ,Valencia,Lanzarote,05/06/24,11:01 PM,Topicblab,90.67,133
SSCEM,Valencia,Lanzarote,17/06/24,3:31 AM,Yakitriair,491.75,309
STVEH,Valencia,Lanzarote,06/06/24,8:37 PM,Jaxnation,780.37,190
SV9Q2,Valencia,Lanzarote,04/06/24,8:07 PM,Fliptune,809.64,444
SVJR8,Valencia,Lanzarote,17/06/24,8:01 AM,Twiyoair,120.46,551
SWT7M,Valencia,Lanzarote,17/06/24,9:23 PM,Fivebridge,151.09,417
SXGHU,Valencia,Lanzarote,06/06/24,10:25 PM,Oodooair,164.02,474
T3BNZ,Valencia,Lanzarote,10/06/24,2:54 PM,Vipeair,309.43,162
T43HA,Valencia,Lanzarote,15/06/24,11:49 AM,Kaymbo,166.33,72
T4FT8,Valencia,Lanzarote,16/06/24,12:05 PM,Twitterbridge,997.2,363
T6WMY,Valencia,Lanzarote,20/06/24,6:06 PM,Flipopia,199.59,35
T7EC6,Valencia,Lanzarote,15/06/24,5:18 PM,Eireair,45.83,455
T8BZC,Valencia,Lanzarote,07/06/24,10:22 PM,Buzzdog,109.14,585
T8XYG,Valencia,Lanzarote,21/06/24,11:40 AM,Yaboxair,292.79,81
T9NLZ,Valencia,Lanzarote,10/06/24,7:31 AM,Tagfeed,640.06,401
T9ULA,Valencia,Lanzarote,14/06/24,6:28 AM,Zoomcast,340.09,373
TDRDP,Valencia,Lanzarote,29/06/24,8:48 PM,Shufflebeat,711.89,248
TE95Y,Valencia,Lanzarote,07/06/24,11:08 PM,Bubblebox,777.16,192
TEH33,Valencia,Lanzarote,28/06/24,7:34 AM,Blogpad,359.88,96
TH8YU,Valencia,Lanzarote,26/06/24,12:59 AM,Plajoair,370.59,493
TK7B8,Valencia,Lanzarote,29/06/24,6:11 AM,Zoonder,626.31,453
TNGA9,Valencia,Lanzarote,03/06/24,10:01 AM,Podcat,704.03,457
TPGW8,Valencia,Lanzarote,06/06/24,10:31 AM,Devpoint,967.2,198
TSGCY,Lanzarote,Barcelona,04/06/24,2:16 AM,Zooveo,642.99,407
TSGKP,Lanzarote,Barcelona,13/06/24,5:23 PM,Myworks,784.46,275
TTFL2,Lanzarote,Barcelona,17/06/24,3:52 AM,Centimia,425.54,255
TTHW3,Lanzarote,Barcelona,09/06/24,2:51 AM,Kaymboair,745.49,152
TTZHS,Lanzarote,Barcelona,04/06/24,10:04 AM,Tekflyair,539.83,216
TUKSD,Lanzarote,Barcelona,07/06/24,2:12 AM,Vitzair,74.2,134
TWD24,Lanzarote,Barcelona,15/06/24,3:29 PM,Meevee,371.23,240
TWFAJ,Lanzarote,Barcelona,28/06/24,6:07 AM,Fliptuneair,357.15,75
TX7HU,Lanzarote,Barcelona,14/06/24,8:33 AM,Agivuair,117.27,569
TYLJP,Lanzarote,Barcelona,05/06/24,12:59 AM,Blognation,435.28,151
U3BRY,Lanzarote,Barcelona,13/06/24,1:06 AM,Browsedrive,667.19,457
U48QV,Lanzarote,Barcelona,10/06/24,1:16 PM,Bubbletube,770.31,265
U4XXD,Lanzarote,Barcelona,06/06/24,6:01 AM,Twitternation,45.92,331
U5ES9,Lanzarote,Barcelona,09/06/24,11:43 AM,Devcast,774.8,267
U5GCM,Lanzarote,Barcelona,02/06/24,1:22 PM,Devpoint,133.18,452
U5XJY,Lanzarote,Barcelona,12/06/24,11:46 PM,Skibaair,722.31,75
U6YCK,Lanzarote,Barcelona,27/06/24,2:23 AM,Rhylooair,537.95,122
U88U9,Lanzarote,Barcelona,16/06/24,4:28 PM,Jaxworks,720.06,133
U8TW8,Lanzarote,Barcelona,20/06/24,3:31 PM,Mudoair,655.71,309
U8ZB8,Lanzarote,Barcelona,05/06/24,8:01 PM,Topicblab,548.38,190
U9X53,Lanzarote,Barcelona,17/06/24,9:54 PM,Yakitriair,413.41,444
UAXHH,Lanzarote,Barcelona,07/06/24,9:37 AM,Jaxnation,153.06,551
UBMMF,Lanzarote,Barcelona,10/06/24,6:59 AM,Fliptune,852.16,417
UCJJX,Lanzarote,Barcelona,16/06/24,2:36 PM,Twiyoair,896.15,474
UCPF8,Lanzarote,Barcelona,08/06/24,6:59 AM,Fivebridge,423.19,162
UDY26,Lanzarote,Barcelona,09/06/24,3:47 PM,Oodooair,336,72
UGB4Y,Lanzarote,Barcelona,23/06/24,3:44 PM,Vipeair,599.37,363
UGBY4,Lanzarote,Barcelona,19/06/24,5:56 AM,Kaymbo,922.24,35
UGSZ2,Lanzarote,Paris,23/06/24,11:06 AM,Twitterbridge,921.65,455
UJE26,Lanzarote,Paris,09/06/24,7:24 PM,Flipopia,414.27,585
UJSDB,Lanzarote,Paris,11/06/24,9:17 PM,Eireair,472.6,81
UMWJS,Lanzarote,Paris,18/06/24,1:17 AM,Buzzdog,304.74,401
UNK6D,Lanzarote,Paris,20/06/24,8:19 PM,Yaboxair,634.5,373
UQMS3,Lanzarote,Paris,12/06/24,5:59 PM,Tagfeed,582.79,248
UQNA9,Lanzarote,Paris,19/06/24,11:11 AM,Zoomcast,560.62,192
UTA9Z,Lanzarote,Paris,18/06/24,7:47 PM,Shufflebeat,840.68,96
UTZ89,Lanzarote,Paris,16/06/24,7:12 AM,Bubblebox,739.75,493
UVHL6,Lanzarote,Paris,23/06/24,3:28 AM,Blogpad,704.17,453
UVUFT,Lanzarote,Paris,21/06/24,2:08 AM,Plajoair,761.81,457
UWDYH,Lanzarote,Paris,17/06/24,4:38 AM,Zoonder,929,198
UX434,Lanzarote,Paris,07/06/24,11:09 PM,Podcat,444.79,407
UXWJX,Lanzarote,Paris,17/06/24,5:44 AM,Devpoint,148.85,275
UYSJ4,Lanzarote,Paris,04/06/24,1:58 PM,Zooveo,878.75,255
UZ5VU,Lanzarote,Paris,27/06/24,6:07 PM,Myworks,487.38,152
UZR49,Lanzarote,Paris,21/06/24,8:14 AM,Centimia,583.18,216
UZUZP,Lanzarote,Paris,18/06/24,11:43 PM,Kaymboair,325.35,134
V43XX,Lanzarote,Paris,07/06/24,4:42 AM,Tekflyair,899.55,240
V45JL,Lanzarote,London,20/06/24,1:47 AM,Vitzair,187.59,75
V5QYR,Lanzarote,London,28/06/24,11:08 AM,Meevee,912.05,569
V83HG,Lanzarote,London,23/06/24,5:22 PM,Fliptuneair,252.31,151
V83HJ,Lanzarote,London,16/06/24,3:53 PM,Agivuair,386.52,457
V88QC,Lanzarote,London,22/06/24,4:47 PM,Blognation,82.08,265
V8K2Y,Lanzarote,London,06/06/24,6:07 AM,Browsedrive,215.38,331
V8LM2,Lanzarote,London,25/06/24,10:40 PM,Bubbletube,316.64,267
V96S7,Lanzarote,London,01/06/24,8:57 AM,Twitternation,822.23,452
V9AJQ,Lanzarote,London,10/06/24,7:41 PM,Devcast,105.95,75
VA4MF,Lanzarote,London,21/06/24,8:00 PM,Devpoint,993.65,122
VBKYF,Lanzarote,London,09/06/24,2:10 PM,Skibaair,245.76,133
VC35M,Lanzarote,London,03/06/24,10:33 AM,Rhylooair,808.53,309
VEUL8,Lanzarote,London,01/06/24,3:56 PM,Jaxworks,695.93,190
VGBJ5,Lanzarote,London,09/06/24,6:45 PM,Mudoair,380.39,444
VGJJW,Lanzarote,London,23/06/24,3:32 PM,Topicblab,480.92,551
VLAZF,Lanzarote,London,03/06/24,4:42 AM,Yakitriair,792.05,417
VLN4Z,Lanzarote,London,17/06/24,9:59 AM,Jaxnation,598.52,474
VNMZG,Lanzarote,London,29/06/24,10:40 AM,Fliptune,700.73,162
VQECX,Lanzarote,London,26/06/24,12:12 PM,Twiyoair,47.18,72
VS7SG,Lanzarote,London,03/06/24,4:28 PM,Fivebridge,701.58,363
VSFVF,Lanzarote,London,24/06/24,7:33 PM,Oodooair,898.22,35
VTA6Y,Lanzarote,London,01/06/24,10:23 PM,Vipeair,899.11,455
VVMAK,Lanzarote,London,24/06/24,2:51 AM,Kaymbo,43.03,585
VXT5C,Lanzarote,London,25/06/24,1:21 AM,Twitterbridge,458.21,81
VXVY3,Lanzarote,London,18/06/24,3:50 AM,Flipopia,845.53,401
W38BK,Lanzarote,London,23/06/24,10:16 PM,Eireair,606.64,373
W3BFZ,Lanzarote,London,28/06/24,8:50 AM,Buzzdog,327.12,248
W45DV,Lanzarote,London,27/06/24,1:55 AM,Yaboxair,759.85,192
W4RLH,Lanzarote,Rome,21/06/24,7:10 AM,Tagfeed,523.33,96
W5RW8,Lanzarote,Rome,16/06/24,9:36 AM,Zoomcast,439.77,493
W69SU,Lanzarote,Rome,29/06/24,2:53 PM,Shufflebeat,297.53,453
W78N9,Lanzarote,Rome,02/06/24,10:24 PM,Bubblebox,666.78,457
W85PD,Lanzarote,Rome,26/06/24,6:41 PM,Blogpad,713.94,198
W8RSW,Lanzarote,Rome,03/06/24,3:12 AM,Plajoair,893.52,407
W9B46,Lanzarote,Rome,06/06/24,7:18 AM,Zoonder,495.24,275
WAG47,Lanzarote,Rome,11/06/24,5:18 AM,Podcat,504.65,255
WBK5L,Lanzarote,Rome,19/06/24,11:04 PM,Devpoint,565.08,152
WFAAQ,Lanzarote,Rome,12/06/24,8:37 AM,Zooveo,562.83,216
WG2RR,Lanzarote,Rome,26/06/24,3:54 AM,Myworks,856.73,134
WHJTE,Lanzarote,Rome,04/06/24,2:39 AM,Centimia,42.55,240
WJ4VQ,Lanzarote,Rome,02/06/24,5:53 AM,Kaymboair,607.8,75
WK5BC,Lanzarote,Rome,04/06/24,3:58 AM,Tekflyair,648.21,569
WK6EG,Lanzarote,Rome,16/06/24,7:15 AM,Vitzair,402.88,151
WK8RG,Lanzarote,Rome,25/06/24,4:23 PM,Meevee,823.33,457
WK8XJ,Lanzarote,Rome,01/06/24,4:52 AM,Fliptuneair,533.71,265
WKC5S,Lanzarote,Rome,18/06/24,6:20 AM,Agivuair,502.48,331
WN54Q,Lanzarote,Rome,03/06/24,4:54 PM,Blognation,979.1,267
WPGFG,Lanzarote,Rome,06/06/24,1:37 AM,Browsedrive,158.27,452
WPWJA,Lanzarote,Rome,08/06/24,8:48 PM,Bubbletube,576.84,75
WQJXF,Lanzarote,Rome,29/06/24,6:50 PM,Twitternation,246.21,122
WQW88,Lanzarote,Rome,15/06/24,11:19 AM,Devcast,144.65,133
WSCWK,Lanzarote,Valencia,01/06/24,7:50 AM,Devpoint,172.52,309
WTGPB,Lanzarote,Valencia,10/06/24,12:07 PM,Skibaair,818.78,190
WTRBA,Lanzarote,Valencia,06/06/24,4:14 PM,Rhylooair,602.55,444
WUF9N,Lanzarote,Valencia,11/06/24,11:13 PM,Jaxworks,85.35,551
WVATJ,Lanzarote,Valencia,10/06/24,10:26 PM,Mudoair,285.58,417
WVNC2,Lanzarote,Valencia,17/06/24,2:06 AM,Topicblab,648.74,474
WVT7B,Lanzarote,Valencia,23/06/24,1:49 PM,Yakitriair,308.71,162
WVYDU,Lanzarote,Valencia,27/06/24,8:30 PM,Jaxnation,930.51,72
WZ58Y,Lanzarote,Valencia,27/06/24,8:50 AM,Fliptune,58.23,363
WZAS9,Lanzarote,Valencia,22/06/24,5:22 AM,Twiyoair,346.54,35
WZBLM,Lanzarote,Valencia,06/06/24,9:37 PM,Fivebridge,600.59,455
WZUKH,Lanzarote,Valencia,08/06/24,6:36 AM,Oodooair,869.27,585
X55YL,Lanzarote,Valencia,19/06/24,10:19 AM,Vipeair,575.03,81
X5AMW,Lanzarote,Valencia,11/06/24,9:53 PM,Kaymbo,978.2,401
X6FM9,Lanzarote,Valencia,17/06/24,6:37 PM,Twitterbridge,500.29,373
X8PES,Lanzarote,Valencia,26/06/24,10:26 PM,Flipopia,732.13,248
X8Z7H,Lanzarote,Valencia,10/06/24,4:29 PM,Eireair,915.68,192
X9R8W,Lanzarote,Valencia,05/06/24,9:10 AM,Buzzdog,888.99,96
X9YVR,Lanzarote,Valencia,03/06/24,11:15 PM,Yaboxair,659.14,493
XBTDM,Lanzarote,Valencia,18/06/24,8:54 PM,Tagfeed,718.97,453
XDUZP,Lanzarote,Valencia,10/06/24,2:54 PM,Zoomcast,795.36,457
XDYT2,Lanzarote,Valencia,09/06/24,3:34 PM,Shufflebeat,883.78,198
XETYN,Lanzarote,Valencia,02/06/24,2:00 PM,Bubblebox,88.14,407
XGBKA,Lanzarote,Valencia,06/06/24,4:17 PM,Blogpad,810.35,275
XHNQ3,Lanzarote,Valencia,28/06/24,3:17 PM,Plajoair,469.44,255
XKKAY,Lanzarote,Valencia,09/06/24,5:10 PM,Zoonder,837.03,152
XL7E4,Lanzarote,Valencia,24/06/24,12:30 PM,Podcat,916.52,216
XM7NL,Lanzarote,Valencia,03/06/24,2:52 AM,Devpoint,333.28,134
XMVXS,Lanzarote,Valencia,14/06/24,10:53 PM,Zooveo,852.85,240
XPPMX,Lanzarote,Valencia,18/06/24,4:46 AM,Myworks,981.06,75
XPQYY,Lanzarote,Valencia,16/06/24,4:23 PM,Centimia,123.96,569
XPV2K,Lanzarote,Valencia,03/06/24,11:56 PM,Kaymboair,638.94,151
XPY6Z,Lanzarote,Valencia,22/06/24,3:49 PM,Tekflyair,880.63,457
XQNLZ,Lanzarote,Valencia,18/06/24,9:05 AM,Vitzair,894.4,265
XRVCV,Lanzarote,Valencia,12/06/24,1:47 PM,Meevee,998.09,331
XTVMF,Lanzarote,Valencia,20/06/24,4:41 AM,Fliptuneair,607.64,267
XU64M,Lanzarote,Valencia,07/06/24,1:40 PM,Agivuair,451.47,452
XUJHW,Lanzarote,Valencia,17/06/24,5:39 PM,Blognation,415.12,75
XVV8Y,Bari,Lanzarote,20/06/24,8:56 AM,Browsedrive,795.84,122
XXNQR,Bari,Lanzarote,15/06/24,11:39 PM,Bubbletube,759.72,133
XXQ4A,Bari,Lanzarote,04/06/24,12:32 PM,Twitternation,206.27,309
XXVR8,Bari,Lanzarote,02/06/24,10:47 PM,Devcast,172.32,190
XXX42,Bari,Lanzarote,27/06/24,7:45 AM,Devpoint,519.54,444
XYMHG,Bari,Lanzarote,03/06/24,4:53 AM,Skibaair,849.24,551
XYNQT,Bari,Lanzarote,13/06/24,7:46 AM,Rhylooair,377.38,417
XZ8QK,Bari,Lanzarote,25/06/24,3:07 AM,Jaxworks,396.63,474
XZK8A,Bari,Lanzarote,29/06/24,3:53 AM,Mudoair,188.74,162
XZLJJ,Bari,Lanzarote,23/06/24,12:20 PM,Topicblab,994.91,72
XZT7L,Bari,Lanzarote,01/06/24,12:06 AM,Yakitriair,207.66,363
Y6LSS,Bari,Lanzarote,03/06/24,11:16 PM,Jaxnation,625.3,35
Y7EXE,Bari,Lanzarote,08/06/24,9:23 PM,Fliptune,567.36,455
Y7RJ9,Bari,Lanzarote,17/06/24,6:29 PM,Twiyoair,812.61,585
Y9VXR,Bari,Lanzarote,27/06/24,10:29 AM,Fivebridge,46.52,81
YA7JD,Bari,Lanzarote,02/06/24,11:27 AM,Oodooair,901.5,401
YAA9R,Bari,Lanzarote,02/06/24,12:17 PM,Vipeair,453.54,373
YAV2D,Bari,Lanzarote,11/06/24,10:42 PM,Kaymbo,25.27,248
YCTUL,Bari,Lanzarote,28/06/24,10:52 PM,Twitterbridge,541.62,192
YDN4J,Bari,Lanzarote,22/06/24,9:39 PM,Flipopia,788.84,96
YE6P2,Bari,Lanzarote,17/06/24,5:34 AM,Eireair,437.25,493
YF5AW,Bari,Lanzarote,10/06/24,3:57 AM,Buzzdog,797.64,453
YFQ8Y,Bari,Lanzarote,02/06/24,9:42 PM,Yaboxair,788.78,457
YGD8S,Barcelona,Bari,06/06/24,3:42 PM,Tagfeed,690.13,198
YGDD2,Barcelona,Bari,06/06/24,1:08 AM,Zoomcast,832.39,407
YH4HX,Barcelona,Bari,02/06/24,11:23 AM,Shufflebeat,378.7,275
YH887,Barcelona,Bari,18/06/24,3:04 PM,Bubblebox,254.95,255
YHAH9,Barcelona,Bari,19/06/24,7:46 PM,Blogpad,966.02,152
YKKR7,Barcelona,Bari,25/06/24,6:07 AM,Plajoair,375.08,216
YKNAN,Barcelona,Bari,05/06/24,9:34 AM,Zoonder,374.86,134
YLKTT,Barcelona,Bari,21/06/24,9:25 PM,Podcat,717.36,240
YMPZV,London,Bari,20/06/24,3:56 AM,Devpoint,867.04,75
YRKDD,London,Bari,18/06/24,9:50 PM,Zooveo,516.39,569
YS75B,London,Bari,10/06/24,12:58 PM,Myworks,22.63,151
YV7AQ,London,Bari,18/06/24,3:51 AM,Centimia,824.51,457
YVEW4,London,Bari,18/06/24,5:27 AM,Kaymboair,447.61,265
YXKTU,London,Bari,17/06/24,11:17 AM,Tekflyair,234.47,331
YZ67F,London,Bari,12/06/24,10:49 AM,Vitzair,731.4,267
YZJC3,London,Bari,10/06/24,12:57 PM,Meevee,279.23,452
Z3BST,Rome,Bari,19/06/24,3:41 PM,Fliptuneair,551.05,75
Z4CJN,Rome,Bari,27/06/24,10:20 AM,Agivuair,273.6,122
Z4SNW,Rome,Bari,05/06/24,5:02 PM,Blognation,473.83,133
Z57DK,Rome,Bari,15/06/24,10:17 PM,Browsedrive,873.95,309
Z6L5Y,Rome,Bari,23/06/24,11:14 AM,Bubbletube,78.29,190
Z6VA8,Rome,Bari,26/06/24,6:44 AM,Twitternation,300.36,444
Z6YKG,Rome,Bari,24/06/24,1:59 AM,Devcast,457.15,551
Z8K6K,Rome,Bari,21/06/24,6:19 AM,Devpoint,295.7,417
Z94AZ,Lanzarote,Bari,15/06/24,11:39 PM,Skibaair,49.11,474
ZAJQM,Lanzarote,Bari,11/06/24,3:19 PM,Rhylooair,429.57,162
ZB8VS,Lanzarote,Bari,18/06/24,9:36 PM,Jaxworks,352.73,72
ZD8SJ,Lanzarote,Bari,25/06/24,10:14 AM,Mudoair,93.1,363
ZDQ9Z,Lanzarote,Bari,11/06/24,10:39 PM,Topicblab,851.94,35
ZF3ZD,Lanzarote,Bari,21/06/24,10:27 PM,Yakitriair,442.89,455
ZGR8H,Lanzarote,Bari,22/06/24,1:14 PM,Jaxnation,584.18,585
ZH8T2,Lanzarote,Bari,13/06/24,8:34 PM,Fliptune,964.52,81
ZJDLP,Paris,Bari,28/06/24,4:12 PM,Twiyoair,899.66,401
ZJZ46,Paris,Bari,07/06/24,12:28 PM,Fivebridge,156.9,373
ZL8BP,Paris,Bari,15/06/24,6:24 PM,Oodooair,264.12,248
ZLZLG,Paris,Bari,25/06/24,5:00 PM,Vipeair,160.34,192
ZNBAZ,Paris,Bari,12/06/24,7:54 PM,Kaymbo,697.57,96
ZPDHT,Paris,Bari,25/06/24,8:03 AM,Twitterbridge,956.21,493
ZQ6LN,Paris,Bari,03/06/24,3:01 PM,Flipopia,599.26,453
ZRDAQ,Valencia,Bari,02/06/24,10:54 PM,Eireair,484.18,457
ZSS3E,Valencia,Bari,04/06/24,1:59 PM,Buzzdog,896.93,198
ZUG65,Valencia,Bari,14/06/24,9:42 PM,Yaboxair,377.71,407
ZVMC6,Valencia,Bari,02/06/24,8:43 AM,Tagfeed,918.52,275
ZWNZL,Valencia,Bari,23/06/24,6:03 AM,Zoomcast,945.51,255
ZZG8B,Valencia,Bari,07/06/24,6:29 PM,Shufflebeat,845.81,152
ZZXXQ,Valencia,Bari,27/06/24,11:58 AM,Bubblebox,394.52,216
